leave_id,employee_id,leave_type,leave_start_date,leave_end_date,leave_hours
8d7b0592-19d0-4fb6-af96-bdf9d07de1ba,E0000002,Unpaid Leave,2023-09-25,2023-09-25,4.0
bbe8cde6-9dec-415b-a74a-c670951da743,E0000002,Unpaid Leave,2023-11-13,2023-11-13,4.0
8779298e-f489-4110-8c71-61e52acfc62d,E0000003,Annual Leave,2023-11-27,2023-11-27,3.8
5274bb69-b32a-4580-9fdc-f77abebb0b98,E0000003,Annual Leave,2025-03-17,2025-03-17,3.8
d1d81abb-896b-4b9d-99a1-4d37df1b19a4,E0000003,Annual Leave,2024-06-11,2024-06-11,3.8
b992176b-1317-4f95-8262-43172569a855,E0000003,Annual Leave,2024-04-08,2024-04-08,3.8
faecee4d-ddb5-473d-b3b0-7f95aca4e4c7,E0000003,Annual Leave,2025-03-10,2025-03-10,3.8
c403b032-4519-4142-832d-cffed4ac2ae0,E0000003,Annual Leave,2023-02-20,2023-02-20,3.8
a99419dc-a20a-489c-9c9d-4b90209d0a09,E0000003,Annual Leave,2025-03-21,2025-03-21,3.8
970d1c56-4530-46c8-a048-6ec07e6217db,E0000003,Annual Leave,2023-12-04,2023-12-04,3.8
d4d24cd9-7ada-4d11-bec0-4f698897bd27,E0000003,Sick and Carer's Leave,2024-06-05,2024-06-05,3.8
7082868e-20cd-48e8-83b6-b61171c61115,E0000003,Sick and Carer's Leave,2023-09-18,2023-09-18,3.8
610f4208-20cf-4fb5-817f-58fe89f92199,E0000003,Sick and Carer's Leave,2023-08-14,2023-08-14,3.8
94c30f7e-937f-4d41-8a6e-8f8a71ea4649,E0000003,Sick and Carer's Leave,2025-03-27,2025-03-27,3.8
dbacbf2c-d768-48ef-b149-7c0d7597bb9d,E0000004,Unpaid Leave,2024-07-04,2024-07-04,4.0
841f0146-fa5c-4f21-8a0c-3e8133f5b7eb,E0000004,Unpaid Leave,2024-11-25,2024-11-25,4.0
511a9d93-9524-4e9d-aa69-49738b032c13,E0000005,Annual Leave,2024-04-04,2024-04-04,7.6
73a54997-5339-4b8a-8b31-1769e9745099,E0000005,Annual Leave,2024-06-17,2024-06-17,7.6
bd633fbe-3520-4906-9de5-1f22d29fb12f,E0000005,Annual Leave,2023-06-19,2023-06-19,7.6
4e9696b9-1b92-4f44-a999-60ce385d5523,E0000005,Annual Leave,2025-01-06,2025-01-06,7.6
6ca909ea-f1e2-43e9-815b-8021de5acb18,E0000005,Annual Leave,2024-05-02,2024-05-02,7.6
22b0d83c-7b0e-455e-83a7-8d9dfc4ea415,E0000005,Annual Leave,2023-06-22,2023-06-22,7.6
f2ac13ba-6322-4f81-9c00-f446f4742291,E0000005,Annual Leave,2025-01-27,2025-01-27,7.6
c5432a24-bb06-409a-b1c2-bc95a1d34b5f,E0000005,Annual Leave,2023-09-22,2023-09-22,7.6
0dd773f6-28b7-43ee-84d8-88f62022a104,E0000005,Sick and Carer's Leave,2023-09-01,2023-09-01,7.6
76a2eaf4-6bfe-4117-975a-cfbba51cb4b5,E0000005,Sick and Carer's Leave,2023-05-19,2023-05-19,7.6
72f87274-7edb-414f-acac-e8dc593fe544,E0000006,Unpaid Leave,2022-01-14,2022-01-14,4.0
96cd478f-14de-4a79-9103-8e50bb5f0849,E0000006,Unpaid Leave,2023-05-16,2023-05-16,4.0
c99cce13-68a1-42d1-a1ce-32ad31da1190,E0000007,Annual Leave,2021-05-10,2021-05-10,3.8
c7115bc9-38ff-4688-914f-27b902bde1fc,E0000008,Unpaid Leave,2024-09-11,2024-09-11,4.0
8bcfbdbd-6cd2-4622-ad2b-e06bb77fed1c,E0000008,Unpaid Leave,2024-07-22,2024-07-22,4.0
66fd0115-d886-41a2-af30-657f7286b3ce,E0000009,Sick and Carer's Leave,2025-03-31,2025-03-31,3.8
4c8d344d-d144-4955-bd15-ae0f6ca476ce,E0000009,Unpaid Leave,2024-11-05,2024-11-05,3.8
3fcdbe6b-859f-4234-8cd4-101c8f473c70,E0000009,Unpaid Leave,2024-12-19,2024-12-19,3.8
0d4988a5-c6da-4220-a216-5beaed5631fc,E0000010,Annual Leave,2025-02-19,2025-02-19,7.6
026a2dd4-97dd-4327-98cd-9905f3008d84,E0000011,Annual Leave,2023-07-24,2023-07-24,3.8
80cbea3b-ee50-405c-a154-bcedfde4aaf3,E0000012,Unpaid Leave,2025-01-29,2025-01-29,4.0
63849ade-6ae0-4d7a-a541-c654491f8a38,E0000012,Unpaid Leave,2024-11-04,2024-11-04,4.0
0ae59cde-a191-4f77-ae1a-1d4ac7cdfbdc,E0000013,Annual Leave,2022-04-27,2022-04-27,3.8
3a710d71-31e6-4028-8cc0-a030f91eaab6,E0000013,Annual Leave,2022-03-07,2022-03-07,3.8
6407b533-f58f-4c98-a981-f9680d8eba8c,E0000013,Annual Leave,2021-07-22,2021-07-22,3.8
1ed604b0-a92d-410e-a4a6-9bacf5b59452,E0000013,Annual Leave,2023-07-24,2023-07-24,3.8
97e7fd6a-00b8-4c36-99b9-12989258f96c,E0000013,Annual Leave,2024-10-17,2024-10-17,3.8
aa769095-5708-4236-9cdc-ad450278e84d,E0000013,Annual Leave,2021-08-05,2021-08-05,3.8
ff38917b-8523-44b8-83b5-fb391a59e65e,E0000013,Annual Leave,2024-09-02,2024-09-02,3.8
846222e7-1299-42d6-adb0-4ab0cbebe305,E0000013,Annual Leave,2024-08-01,2024-08-01,3.8
af90fdb7-bfc2-4bc0-a296-c847babca4f1,E0000013,Annual Leave,2023-11-27,2023-11-27,3.8
6b253815-7e84-44de-89ee-df7bc83f0a48,E0000013,Annual Leave,2025-01-23,2025-01-23,3.8
1162a5bd-cc0b-4045-b77d-bbecb02a2829,E0000013,Annual Leave,2022-01-13,2022-01-13,3.8
ba425aa3-e948-4465-a10a-5edfc5fdf8be,E0000013,Annual Leave,2021-07-15,2021-07-15,3.8
883631b8-78c0-4240-b9c1-b0ff13c1684d,E0000013,Sick and Carer's Leave,2024-08-26,2024-08-26,3.8
2e373850-aa49-43b9-9832-46a6605a63f8,E0000013,Sick and Carer's Leave,2022-11-24,2022-11-24,3.8
c4e0e5cc-3c8e-4617-ab09-3dd8c0fdcbbe,E0000013,Sick and Carer's Leave,2021-10-19,2021-10-19,3.8
8775c3cb-2e56-43df-9508-0eaa2b1fac54,E0000013,Sick and Carer's Leave,2024-05-06,2024-05-06,3.8
0ef72f36-6d57-49a8-9142-831a7d30a4ef,E0000013,Sick and Carer's Leave,2024-02-19,2024-02-19,3.8
bc7c4ab8-a048-4a17-bad3-58a41f872a4a,E0000013,Sick and Carer's Leave,2023-03-21,2023-03-21,3.8
9f778611-0795-4085-a898-af9568687b4a,E0000014,Annual Leave,2024-10-03,2024-10-03,3.8
f22aeff8-6261-47dd-bf7f-2e1814c142ed,E0000014,Annual Leave,2024-02-19,2024-02-19,3.8
6d94a85c-1c4b-47ae-9023-21dbcf90fde4,E0000014,Annual Leave,2023-06-13,2023-06-13,3.8
7ef5b112-e820-412f-940d-48044cb38775,E0000014,Annual Leave,2023-10-19,2023-10-19,3.8
5a18be37-b084-4295-b8a3-9df08f4f2410,E0000014,Annual Leave,2025-01-03,2025-01-03,3.8
442cbbbb-f6e8-4272-944f-826c08ddd94c,E0000014,Annual Leave,2024-06-03,2024-06-03,3.8
3ec1ac10-585b-4481-aaab-502734afbd72,E0000014,Annual Leave,2025-02-05,2025-02-05,3.8
be084984-9b9c-4723-9e7e-a02b20a1c958,E0000015,Unpaid Leave,2021-12-29,2021-12-29,4.0
56b5c838-ed43-4241-af1e-7b6034541b92,E0000015,Unpaid Leave,2022-07-25,2022-07-25,4.0
47f9e3bb-5c91-44d7-b324-2329092d11a3,E0000016,Unpaid Leave,2025-04-21,2025-04-21,4.0
c5162dd3-34fe-461a-8a5a-acc5144b3de4,E0000016,Unpaid Leave,2025-04-21,2025-04-21,4.0
bcb75ac9-029f-4790-adad-3678c28f7be6,E0000018,Unpaid Leave,2022-05-11,2022-05-11,4.0
75097911-0b99-4d24-b500-d078952707fb,E0000018,Unpaid Leave,2024-05-20,2024-05-20,4.0
ef2a25dc-76be-4b07-b0b4-454deb953c98,E0000019,Annual Leave,2024-08-21,2024-08-21,7.6
7f6efd08-e03a-4794-aceb-cca4ef5aa06f,E0000019,Annual Leave,2025-04-01,2025-04-01,7.6
5c431e22-c5a8-4b60-89ae-b0beaf4cd2aa,E0000019,Sick and Carer's Leave,2023-02-13,2023-02-13,7.6
7946a445-4b90-4b48-b1f2-ea7b42214eca,E0000019,Sick and Carer's Leave,2024-02-21,2024-02-21,7.6
4910e13c-55ea-4f3b-8902-4528e7ec8e89,E0000019,Sick and Carer's Leave,2023-11-20,2023-11-20,7.6
5b030e23-8451-4a3f-93b6-a6ab3927bdb0,E0000019,Sick and Carer's Leave,2022-04-14,2022-04-14,7.6
08a829c8-280b-4268-9d81-9cefb1dba542,E0000019,Sick and Carer's Leave,2024-10-30,2024-10-30,7.6
33e54f7c-028e-4d8c-a651-596df607bada,E0000019,Sick and Carer's Leave,2023-02-14,2023-02-14,7.6
9616284d-abb1-4a23-abd8-d96e603a569b,E0000019,Sick and Carer's Leave,2021-09-30,2021-09-30,7.6
73f44f43-5fa3-436d-b174-c3d441859a25,E0000019,Annual Leave,2021-05-13,2021-05-13,7.6
8a5a95f6-7df4-41ab-bfff-416eae4d2d64,E0000020,Annual Leave,2025-01-20,2025-01-20,3.8
9ba3fedc-cbf5-450b-a484-9b94c31b3c86,E0000021,Unpaid Leave,2025-04-28,2025-04-28,4.0
f60db6d7-d115-45d1-bfc9-58253ac312ff,E0000021,Unpaid Leave,2025-03-14,2025-03-14,4.0
1046b9dc-573b-4fe8-b479-15fa43c86238,E0000023,Annual Leave,2025-01-16,2025-01-16,7.6
a0d41244-6db7-489b-839c-7c93b0a78698,E0000023,Annual Leave,2024-07-10,2024-07-10,7.6
5dbd8e32-a109-445a-85c8-12bcf6706361,E0000023,Annual Leave,2025-02-26,2025-02-26,7.6
9a10aa4a-d4ce-4c96-9d96-352c480cac5a,E0000023,Annual Leave,2023-06-28,2023-06-28,7.6
df9b08d4-4a32-404f-b42e-2e60c481f29c,E0000023,Annual Leave,2024-03-26,2024-03-26,7.6
27ef93f9-cfd6-4a79-8343-819fc4c71ae4,E0000023,Annual Leave,2022-08-17,2022-08-17,7.6
5f059353-784c-4e77-a57f-81cf14006b03,E0000023,Annual Leave,2024-02-19,2024-02-19,7.6
50661898-ebd7-4976-a54e-c1b80663c44c,E0000023,Annual Leave,2023-08-07,2023-08-07,7.6
d67e35e9-6281-4924-9a6c-605e3332a2cd,E0000023,Sick and Carer's Leave,2024-10-08,2024-10-08,7.6
6ccd8b4b-45f3-47ec-8c17-8834448dfe6b,E0000023,Sick and Carer's Leave,2022-08-16,2022-08-16,7.6
50d8f28f-8202-440f-98b4-514a06a8583a,E0000023,Sick and Carer's Leave,2022-07-19,2022-07-19,7.6
0b1318bc-77d3-4806-a9dd-11327879bcd3,E0000023,Sick and Carer's Leave,2022-08-26,2022-08-26,7.6
1c9d5745-a479-43e5-9ede-e80197a9e7ec,E0000023,Sick and Carer's Leave,2024-04-26,2024-04-26,7.6
bb2fdda0-2fe8-4aa1-8627-ac95cb6376e4,E0000024,Annual Leave,2022-09-13,2022-09-13,3.8
73e7f020-27c3-4ebf-9289-d320a558778c,E0000024,Annual Leave,2024-07-01,2024-07-01,3.8
205ff8d1-6e9e-4f88-90b8-4ac70c3bf13d,E0000024,Annual Leave,2023-03-30,2023-03-30,3.8
9af05708-f5fc-41e5-b3ba-d3dcf077c46e,E0000024,Sick and Carer's Leave,2025-03-05,2025-03-05,3.8
3d8940ea-523c-4846-a6a6-9b50b720c547,E0000024,Sick and Carer's Leave,2025-03-17,2025-03-17,3.8
6a7c1cf5-9d09-47aa-8adc-77c6e773e53e,E0000024,Sick and Carer's Leave,2023-01-17,2023-01-17,3.8
862d3c37-0dee-4adf-991a-8f1650ad79af,E0000024,Sick and Carer's Leave,2023-05-08,2023-05-08,3.8
3f2fad55-d738-4c18-8e0a-346c5ea05110,E0000025,Annual Leave,2023-10-05,2023-10-05,3.8
76da0122-cc4e-45bf-9d93-1df365295325,E0000025,Annual Leave,2024-03-13,2024-03-13,3.8
bdc7f759-0702-4752-af74-3a8d1c3d20bf,E0000025,Annual Leave,2025-01-08,2025-01-08,3.8
6fc3d210-2a62-4657-b047-27e1e8ae0a63,E0000025,Annual Leave,2024-07-01,2024-07-01,3.8
4454c0ce-40f9-43ca-8d60-2b04f9a389ed,E0000025,Annual Leave,2024-03-20,2024-03-20,3.8
895f48a7-1311-4a6f-92ee-bd4a40f783db,E0000025,Annual Leave,2023-09-29,2023-09-29,3.8
620b95f6-d4d7-4e42-9bae-a743c81a7818,E0000025,Annual Leave,2024-06-11,2024-06-11,3.8
c00f060e-12c0-4b7b-8687-5abc463b6ebf,E0000025,Sick and Carer's Leave,2023-10-09,2023-10-09,3.8
ef599486-31f8-47d3-8630-fe78600e1f04,E0000026,Annual Leave,2022-04-26,2022-04-26,3.8
6174f33b-b130-44ab-a44f-ec0f105f6746,E0000026,Annual Leave,2021-11-30,2021-11-30,3.8
b303c1aa-3de6-4d50-b4b8-25cbdef15249,E0000026,Annual Leave,2022-01-20,2022-01-20,3.8
35342a24-68b6-43ad-aa64-dc6c9892622c,E0000027,Sick and Carer's Leave,2023-07-24,2023-07-24,3.8
207da67a-11ba-422c-9c1d-381510e44320,E0000028,Unpaid Leave,2023-07-17,2023-07-17,4.0
75b450a7-1ca6-4362-aea3-88b492f5f4bb,E0000028,Unpaid Leave,2023-09-07,2023-09-07,4.0
46bfdda9-0dfa-4707-8101-5f4b0754362a,E0000030,Unpaid Leave,2024-08-26,2024-08-26,4.0
770b38ff-9b38-4f2c-b1c6-619d8dbbeddf,E0000030,Unpaid Leave,2024-05-20,2024-05-20,4.0
158ee32a-669c-410b-ae6c-94c970251d72,E0000031,Annual Leave,2022-07-04,2022-07-04,7.6
4a3b3990-c9cd-49b7-9f37-3da1c53a74e3,E0000031,Annual Leave,2024-05-06,2024-05-06,7.6
9a82cb38-59ac-4f85-8190-f38b99f7df39,E0000031,Annual Leave,2025-03-03,2025-03-03,7.6
62383e3f-061d-4c0a-add4-2113f953ebdc,E0000031,Annual Leave,2023-08-25,2023-08-25,7.6
ec0cd4e0-0b9e-41b4-8cd1-623c926443b1,E0000031,Annual Leave,2024-12-23,2024-12-23,7.6
8e8a7b5e-19da-44fe-963e-02cec04d4105,E0000031,Annual Leave,2025-01-23,2025-01-23,7.6
e96f7c22-533a-4e68-a0a0-3a0e2e4a00d2,E0000031,Annual Leave,2023-08-28,2023-08-28,7.6
896c172d-8dfe-45ed-b183-12b643412321,E0000031,Sick and Carer's Leave,2025-01-15,2025-01-15,7.6
e042442f-2d78-4333-8032-c134ced3461f,E0000031,Sick and Carer's Leave,2023-09-12,2023-09-12,7.6
30620e29-910f-47fc-99fb-66fe9875be3d,E0000031,Sick and Carer's Leave,2022-10-18,2022-10-18,7.6
c81d48b2-8c3a-467b-b586-9921f75ce5cb,E0000032,Unpaid Leave,2024-08-23,2024-08-23,4.0
f17d3b7b-3b99-420b-8d75-31084ea402c8,E0000032,Unpaid Leave,2025-04-28,2025-04-28,4.0
cb83b30e-7070-444a-acd3-18da032949f4,E0000033,Annual Leave,2022-04-27,2022-04-27,3.8
371ff3df-18de-4c24-ad61-7baac89cdcd5,E0000033,Annual Leave,2022-11-28,2022-11-28,3.8
f321af4c-b40d-4c79-9c94-c08c4835c495,E0000033,Annual Leave,2022-01-28,2022-01-28,3.8
28a1919a-ff47-47d7-8013-88a70ade3525,E0000033,Sick and Carer's Leave,2022-05-30,2022-05-30,3.8
5d5bbcdd-7e3a-41db-84e6-47d81d31d20c,E0000034,Unpaid Leave,2023-12-14,2023-12-14,4.0
eaa6ff00-a197-4510-ae8d-d0c5834f6f81,E0000034,Unpaid Leave,2025-01-06,2025-01-06,4.0
6e746b90-16d4-4480-983c-21bb1e0a2a99,E0000035,Annual Leave,2024-07-23,2024-07-23,7.6
6babdba4-7f58-4586-95c7-eea5be17c6aa,E0000037,Unpaid Leave,2024-06-28,2024-06-28,4.0
98e25822-18c6-467c-b018-111400f3c52c,E0000037,Unpaid Leave,2023-11-20,2023-11-20,4.0
42a6bb7e-e672-4995-9184-39d409169c7a,E0000038,Annual Leave,2024-04-26,2024-04-26,3.8
eeb69ac0-7020-4fc5-aa91-954ed436b7f7,E0000038,Annual Leave,2025-03-17,2025-03-17,3.8
746a0c82-5361-475c-a7f9-41cbac4aa745,E0000039,Unpaid Leave,2023-06-08,2023-06-08,4.0
3a0d0725-322b-4abf-87a4-e6c79258a5c9,E0000039,Unpaid Leave,2024-11-18,2024-11-18,4.0
0b2e86ab-f702-4854-b20a-2c71fe8e98d4,E0000040,Unpaid Leave,2025-03-17,2025-03-17,4.0
450b9a4e-e37e-43c5-b5c1-0fd7eb9e908a,E0000040,Unpaid Leave,2025-02-26,2025-02-26,4.0
c4a46cb0-2a4b-4e12-a6cd-3bebb440c2cb,E0000041,Annual Leave,2024-12-09,2024-12-09,3.8
a70e5c7d-e1ba-475e-b4da-bf8e2df2dd4d,E0000041,Annual Leave,2024-01-15,2024-01-15,3.8
0cc5f568-7613-4e55-a3de-bad17c7c44fe,E0000041,Annual Leave,2023-09-25,2023-09-25,3.8
fb2535ed-b010-453f-b875-b30a1a75dc2a,E0000041,Annual Leave,2024-01-02,2024-01-02,3.8
92e7ba88-355e-451d-a1d6-ae166a442d1a,E0000041,Annual Leave,2024-11-04,2024-11-04,3.8
53f054dc-bf35-4933-9a0e-8a950d61e531,E0000041,Annual Leave,2024-10-18,2024-10-18,3.8
6ebf53bb-9b94-4e52-b9e7-d775ad5a1abe,E0000041,Annual Leave,2023-10-02,2023-10-02,3.8
d6b1d121-ffb3-41d9-bc74-971aeca34d4d,E0000041,Annual Leave,2024-02-06,2024-02-06,3.8
0f678314-c749-44f4-891d-0056f308f3a8,E0000042,Unpaid Leave,2025-01-27,2025-01-27,4.0
32429356-d386-4b8d-a41f-7a86ce0a8e7c,E0000042,Unpaid Leave,2025-03-17,2025-03-17,4.0
47a73e1f-cb11-4bec-997c-ba1639060402,E0000043,Annual Leave,2023-07-25,2023-07-25,7.6
f20056be-3872-455f-8dc4-0dbacef4ab82,E0000043,Sick and Carer's Leave,2024-02-23,2024-02-23,7.6
9b316735-8cc0-4c96-a9e2-05074615e70b,E0000043,Unpaid Leave,2024-01-08,2024-01-08,7.6
153a0085-8148-4c90-b898-69d966f6cd5e,E0000043,Unpaid Leave,2023-12-18,2023-12-18,7.6
a62d539e-056f-4fd2-9a32-749b2276b75f,E0000044,Unpaid Leave,2023-07-11,2023-07-11,4.0
e14e8da4-6d9d-45a6-be46-7fea7c178cb5,E0000044,Unpaid Leave,2023-12-04,2023-12-04,4.0
240f0b01-f53e-4fec-8462-e831e16fd45c,E0000046,Annual Leave,2023-01-30,2023-01-30,3.8
1460d4f8-397e-4bb0-b0e8-77798cd6ba14,E0000046,Annual Leave,2024-10-18,2024-10-18,3.8
a660cbd0-1b55-4537-9ecf-1af48ac5d3e3,E0000046,Annual Leave,2023-08-03,2023-08-03,3.8
9bf3280d-fe01-4c65-ab6b-814230d3be6b,E0000046,Annual Leave,2022-09-12,2022-09-12,3.8
63eccafe-7d89-439e-81d0-7f92326e7be5,E0000046,Annual Leave,2022-12-13,2022-12-13,3.8
d4227406-7a46-4088-b0ea-d15bef39caff,E0000046,Sick and Carer's Leave,2025-02-24,2025-02-24,3.8
5ecc8ee4-dd42-4f23-9d07-bb260e23cd4d,E0000046,Sick and Carer's Leave,2023-02-07,2023-02-07,3.8
78b885f7-80bb-4ff7-bedc-16da4ff44257,E0000046,Sick and Carer's Leave,2024-08-26,2024-08-26,3.8
3cefdd3e-263a-42e2-9b31-036d2b95072c,E0000046,Sick and Carer's Leave,2025-01-21,2025-01-21,3.8
7ab73a6e-b285-475f-9289-0cd82478799a,E0000046,Sick and Carer's Leave,2024-01-02,2024-01-02,3.8
07e6325e-292f-4e23-a932-3c9b298d50f6,E0000046,Unpaid Leave,2022-04-27,2022-04-27,3.8
9b56dc1e-728c-463b-a26d-eda67f8f37a5,E0000046,Unpaid Leave,2023-07-06,2023-07-06,3.8
4c8356e8-2f33-48de-a5f9-ac920b7ee5d0,E0000047,Annual Leave,2021-12-28,2021-12-28,7.6
f8c811df-b4c8-4afd-bf3e-f049e380ebe3,E0000047,Sick and Carer's Leave,2021-04-26,2021-04-26,7.6
5738435e-e734-45c3-8db4-3a1959cabf9a,E0000048,Annual Leave,2023-04-28,2023-04-28,7.6
8e5ada26-71fd-4edd-86c2-48a11ff7eea1,E0000048,Sick and Carer's Leave,2023-10-18,2023-10-18,7.6
5fbae61f-439d-461c-8da0-9cafada01d0f,E0000048,Unpaid Leave,2023-04-03,2023-04-03,7.6
fb8b179a-9b1d-42b7-8e6a-30916bae7f3f,E0000048,Unpaid Leave,2023-09-18,2023-09-18,7.6
02550485-4cc3-4827-bb13-b6ebe43cc124,E0000049,Annual Leave,2023-07-10,2023-07-10,7.6
39beea84-bc09-4d2d-bf62-8a2c9f7684cf,E0000049,Annual Leave,2025-01-14,2025-01-14,7.6
d2977a1d-19d8-4d2b-8923-e2d7d153a015,E0000049,Annual Leave,2022-05-30,2022-05-30,7.6
e8bd824e-5021-4cbb-a7d2-89a1fc1de0f0,E0000049,Annual Leave,2023-06-05,2023-06-05,7.6
62de025c-d99b-461c-9087-f293c8e8f6ff,E0000049,Annual Leave,2024-12-05,2024-12-05,7.6
5edd3a8f-64c8-4a35-992f-72e7e05881a8,E0000049,Annual Leave,2024-12-16,2024-12-16,7.6
0a9c7e85-c772-42cc-b40a-0a737b8ee64d,E0000049,Annual Leave,2024-05-08,2024-05-08,7.6
51010ca7-b171-4bb8-b990-6996266bfe16,E0000049,Annual Leave,2023-02-15,2023-02-15,7.6
de81cb52-879a-4f20-b921-db5645f107d0,E0000049,Annual Leave,2022-08-01,2022-08-01,7.6
4124a74d-0223-4a53-8f7e-579d89a65c17,E0000049,Sick and Carer's Leave,2022-04-29,2022-04-29,7.6
b0a5c98f-d0ba-460b-be49-ae9c62908200,E0000049,Sick and Carer's Leave,2024-01-29,2024-01-29,7.6
383a38ee-ddb1-4089-bf79-80e1ada4c9ea,E0000049,Sick and Carer's Leave,2023-09-05,2023-09-05,7.6
519cf949-3a12-49e0-9970-fc324006c349,E0000049,Sick and Carer's Leave,2024-01-29,2024-01-29,7.6
b9c25cf1-cffb-4cb1-b880-f397b2274c8e,E0000049,Sick and Carer's Leave,2023-03-02,2023-03-02,7.6
b3ad71ec-b412-4349-8de4-89320a4e7ed4,E0000050,Sick and Carer's Leave,2024-10-21,2024-10-21,3.8
79496ab1-c2a7-4fad-a23e-8daf52050f57,E0000051,Sick and Carer's Leave,2024-08-06,2024-08-06,7.6
eb94c6fc-a26f-4ce1-b01f-299628e950ba,E0000051,Annual Leave,2023-08-28,2023-08-28,7.6
5f416fb6-291f-4478-af6d-108689be58dc,E0000052,Unpaid Leave,2024-02-19,2024-02-19,4.0
2c29994e-0d89-4b0a-bcef-9c967d89aeb3,E0000052,Unpaid Leave,2021-12-06,2021-12-06,4.0
01de9450-2f00-4fba-9fa7-e831eb1cce2f,E0000053,Unpaid Leave,2024-12-04,2024-12-04,4.0
a92ec59e-e843-4d93-bfac-09e0d6552171,E0000053,Unpaid Leave,2025-04-14,2025-04-14,4.0
ebd24aca-1c4d-44f6-b4ed-412bbdeee60d,E0000054,Annual Leave,2025-02-25,2025-02-25,7.6
cb0bf9b5-213a-4d16-9ecb-fc5e0411f78e,E0000054,Unpaid Leave,2025-01-31,2025-01-31,7.6
51b0409c-7a87-427a-a480-072f0299a3f6,E0000054,Unpaid Leave,2025-04-04,2025-04-04,7.6
22d77844-ce84-4d4b-a7c0-96e554fa07f5,E0000055,Sick and Carer's Leave,2023-07-03,2023-07-03,7.6
7f64c3a0-2ca4-4ac0-9359-f4c6b4d22e43,E0000055,Sick and Carer's Leave,2024-10-22,2024-10-22,7.6
de74c895-226c-4c36-beff-01a81d877cd4,E0000055,Sick and Carer's Leave,2023-09-25,2023-09-25,7.6
c143c67a-d6d9-4415-a920-97fba3cadfd5,E0000056,Annual Leave,2024-04-24,2024-04-24,7.6
261cb744-8071-4dbe-865e-dfe58ef44b3c,E0000056,Annual Leave,2023-08-14,2023-08-14,7.6
3512aab2-6f38-4071-bb49-bca72871f41b,E0000056,Annual Leave,2025-02-10,2025-02-10,7.6
7810eceb-8414-4f8b-8601-5446afae51ce,E0000056,Annual Leave,2025-02-19,2025-02-19,7.6
79a98164-1c6b-4981-b745-aebc07f561e7,E0000056,Annual Leave,2024-05-07,2024-05-07,7.6
0bfb0fa7-1c83-4de0-92d5-4d40a2a32516,E0000056,Annual Leave,2023-10-30,2023-10-30,7.6
20326d38-6907-4fd2-b901-05a6bd2be2b8,E0000056,Annual Leave,2022-10-10,2022-10-10,7.6
c0d9ca6d-b695-49fd-89e2-6361f59a191c,E0000056,Annual Leave,2024-07-15,2024-07-15,7.6
df46fd82-5585-4469-bf08-cba1b9b45968,E0000056,Sick and Carer's Leave,2025-01-29,2025-01-29,7.6
c1d8b800-e565-4d3d-8746-a9d153ed6a45,E0000056,Sick and Carer's Leave,2023-03-27,2023-03-27,7.6
ef18f9a3-9912-4688-a73a-1cb972c2365e,E0000056,Sick and Carer's Leave,2024-07-19,2024-07-19,7.6
489c8080-cd15-450c-b7ed-eb166deb7f47,E0000056,Sick and Carer's Leave,2025-04-21,2025-04-21,7.6
e5f657a9-0bf9-4589-bf74-ec63aa4b9c5c,E0000056,Sick and Carer's Leave,2023-01-30,2023-01-30,7.6
b8582fca-599b-4b63-b61d-0e5beddcc820,E0000056,Sick and Carer's Leave,2023-02-13,2023-02-13,7.6
9c3fbe22-7f5c-49a9-b052-4dd417630c5e,E0000057,Annual Leave,2022-02-21,2022-02-21,3.8
2ded88af-3bfc-43eb-9c33-c8fddd115bbe,E0000057,Unpaid Leave,2022-01-13,2022-01-13,3.8
71252064-2055-4f33-9266-c66acdcdcbe0,E0000057,Unpaid Leave,2022-02-08,2022-02-08,3.8
ee66ff86-5c3c-4bd3-9b69-de1c50ae5aa4,E0000058,Annual Leave,2021-08-16,2021-08-16,3.8
22dacea0-9f2a-485a-ac61-887c92881665,E0000059,Annual Leave,2021-09-02,2021-09-02,3.8
7cdbfa52-5dd0-4a03-a558-0aab02c29bd1,E0000059,Annual Leave,2023-12-27,2023-12-27,3.8
cd0a4829-4646-4b10-a1b4-5452f8328d47,E0000059,Annual Leave,2021-11-01,2021-11-01,3.8
8af14317-ebf1-44c6-9071-3d77e60120de,E0000059,Sick and Carer's Leave,2021-09-28,2021-09-28,3.8
2f675e7e-9f9e-4c17-9414-24fd1078c46a,E0000059,Sick and Carer's Leave,2024-11-25,2024-11-25,3.8
d5f4e84a-b552-46f5-8681-7623bbadcbbb,E0000059,Sick and Carer's Leave,2024-03-11,2024-03-11,3.8
7f48e3e4-fd03-4100-b32d-bb802f8db089,E0000060,Annual Leave,2022-03-03,2022-03-03,7.6
0871b0f9-94ab-4cc2-93f0-c6723558bcd5,E0000060,Annual Leave,2022-07-18,2022-07-18,7.6
12ed1be2-2239-421b-adda-d00331fc441b,E0000061,Annual Leave,2024-06-20,2024-06-20,3.8
4abda30e-b010-4579-9a74-da0f243d8ea4,E0000061,Annual Leave,2025-04-25,2025-04-25,3.8
ae04e3cd-04b5-46b2-9e95-dbd6e8825a81,E0000061,Annual Leave,2024-04-26,2024-04-26,3.8
05b96c38-7fdc-4f7b-921f-c63b2626fc5f,E0000061,Sick and Carer's Leave,2024-07-01,2024-07-01,3.8
ca029d59-316b-4268-84da-34bd405485c2,E0000062,Annual Leave,2024-08-19,2024-08-19,7.6
3331d9eb-21fd-43ff-9459-1180e5e22702,E0000063,Annual Leave,2023-10-25,2023-10-25,7.6
4159ca1c-b74b-4a94-a2f4-822425199669,E0000063,Annual Leave,2023-06-22,2023-06-22,7.6
cac0236a-a1b4-4fa5-b06b-f13dc60e1b36,E0000063,Annual Leave,2023-10-06,2023-10-06,7.6
6d95569c-d650-4536-b785-d82e1d2a6014,E0000063,Sick and Carer's Leave,2023-08-24,2023-08-24,7.6
1a927905-13d9-45b0-809a-b106bd2f35ab,E0000064,Annual Leave,2025-01-02,2025-01-02,7.6
6ffe5fe7-f4ad-4dcd-bfa9-c76ecaca63a5,E0000064,Annual Leave,2024-09-09,2024-09-09,7.6
c219ab1a-6df1-4d37-8e4d-f3675ea6b322,E0000064,Sick and Carer's Leave,2025-02-27,2025-02-27,7.6
64d413de-6ca8-45cf-9575-806f7c7cb712,E0000066,Annual Leave,2022-02-24,2022-02-24,3.8
6e1655d0-49c3-4e1f-8834-9eeed9e93d0a,E0000067,Unpaid Leave,2024-09-23,2024-09-23,4.0
9bd81386-b510-4b3c-8fc5-bcf73ae11458,E0000067,Unpaid Leave,2023-08-03,2023-08-03,4.0
e882104a-891c-41ab-b6fa-648c6601632b,E0000068,Sick and Carer's Leave,2022-11-14,2022-11-14,3.8
14e618ed-5d0b-44c6-aa53-23e6bc71c0da,E0000068,Sick and Carer's Leave,2022-06-17,2022-06-17,3.8
f97a600f-d33c-4de1-b5a3-12a7f71c393b,E0000068,Sick and Carer's Leave,2025-04-01,2025-04-01,3.8
412c7364-a073-4bd5-a474-52d7136a495d,E0000068,Sick and Carer's Leave,2022-09-02,2022-09-02,3.8
926831a3-75d3-49ac-ab27-179255c68710,E0000069,Annual Leave,2022-11-01,2022-11-01,3.8
5355aef9-c884-4a0d-9c92-f71c07f5dc8f,E0000069,Annual Leave,2021-12-29,2021-12-29,3.8
f6e38af4-20fc-4be6-aab8-3150b3e5f168,E0000069,Sick and Carer's Leave,2022-09-12,2022-09-12,3.8
12741cd3-c439-4c54-a9a4-1befc9d1e349,E0000070,Unpaid Leave,2024-10-23,2024-10-23,4.0
7d558308-233c-4d5b-9fae-8b86a2041eb2,E0000070,Unpaid Leave,2025-03-24,2025-03-24,4.0
0b7ac3a7-0004-40f0-95a8-26c85b5145f5,E0000071,Annual Leave,2023-08-16,2023-08-16,7.6
9efedd7d-dde8-4f9d-9ccb-268df688b6ad,E0000071,Annual Leave,2024-05-27,2024-05-27,7.6
cbc3108b-c80c-4fc7-b281-280171d83f60,E0000071,Annual Leave,2024-01-30,2024-01-30,7.6
a8ad4f0e-5662-42ef-90e5-ae2e27bc423e,E0000071,Annual Leave,2023-07-17,2023-07-17,7.6
672f819e-7489-476d-82db-0178d0e7e5e5,E0000071,Annual Leave,2023-08-23,2023-08-23,7.6
5c689d59-2e82-44dd-b969-94656ff1a383,E0000071,Annual Leave,2024-05-27,2024-05-27,7.6
49702e38-4d88-4e9b-9d77-7b7f0eea71f1,E0000071,Sick and Carer's Leave,2022-08-30,2022-08-30,7.6
e7f59a76-e355-4e41-bcb3-20ee0fe6afe0,E0000071,Sick and Carer's Leave,2023-07-28,2023-07-28,7.6
6bc5e387-5dc2-4c4b-9c98-478941ab0cf6,E0000071,Sick and Carer's Leave,2022-07-19,2022-07-19,7.6
2c6beab9-b9ba-4c16-87a6-63b0c788c0c2,E0000072,Annual Leave,2022-04-19,2022-04-19,3.8
21931464-c553-4fa9-b600-c72e1f178154,E0000072,Annual Leave,2024-01-08,2024-01-08,3.8
c4b65d27-cf34-41c3-9959-fe2f1c7aa429,E0000072,Annual Leave,2025-01-30,2025-01-30,3.8
eea93f41-558a-40c2-8655-30c76df9636e,E0000072,Annual Leave,2023-10-19,2023-10-19,3.8
25849846-bce2-469d-bc10-a97ff3d7c760,E0000072,Annual Leave,2023-07-20,2023-07-20,3.8
e145eb4f-e15c-4166-b498-5f2dbdfb147a,E0000072,Annual Leave,2024-04-24,2024-04-24,3.8
21ddcc6c-bb9c-4e15-b1fc-0dd514985160,E0000072,Sick and Carer's Leave,2024-03-04,2024-03-04,3.8
194210ff-03c3-41cd-bcbd-69f7ed521dc9,E0000073,Unpaid Leave,2024-05-14,2024-05-14,4.0
fbdcb07c-4dc1-4202-b57f-6c72c1e7faf4,E0000073,Unpaid Leave,2024-04-12,2024-04-12,4.0
fbc23be5-00fb-466b-a864-0c549a26c914,E0000074,Unpaid Leave,2025-02-14,2025-02-14,4.0
2f353c4b-e7c6-4397-97b1-6adf89df93b7,E0000074,Unpaid Leave,2023-10-25,2023-10-25,4.0
84915a33-6442-44d2-8c54-a37a31e5c962,E0000075,Annual Leave,2023-09-14,2023-09-14,3.8
d9ff04fb-7c3d-4009-b584-d2ffa02ce68e,E0000075,Annual Leave,2023-04-19,2023-04-19,3.8
6b6d2e8f-7a3d-42a9-9930-2e907fb40291,E0000075,Annual Leave,2025-01-06,2025-01-06,3.8
620776b7-aca1-457a-a127-a87836c5d577,E0000075,Annual Leave,2024-11-11,2024-11-11,3.8
420770c8-8ec9-4ee1-b188-caf9eb2fed32,E0000075,Annual Leave,2022-09-19,2022-09-19,3.8
e4069bd5-7f7f-4b61-8f04-4a780196a572,E0000075,Annual Leave,2022-05-24,2022-05-24,3.8
fcced30c-1fd8-44dc-bbea-bb9b50cc8e5a,E0000075,Annual Leave,2022-11-28,2022-11-28,3.8
1c190f63-c5c3-468e-972e-114698fc4f75,E0000075,Annual Leave,2023-04-06,2023-04-06,3.8
ff872226-590f-47ab-9207-2f1bf08c495e,E0000075,Annual Leave,2024-04-02,2024-04-02,3.8
d662743f-4778-4bc2-a30e-41c73c596548,E0000075,Annual Leave,2021-08-03,2021-08-03,3.8
45db03ba-9be3-418b-b058-d80d2061a19b,E0000075,Annual Leave,2024-10-03,2024-10-03,3.8
99614c6a-1183-4fa9-aee9-e7b325cb35a4,E0000075,Sick and Carer's Leave,2021-07-16,2021-07-16,3.8
c901c2ce-f6ab-44ac-ac67-24a429b073bb,E0000075,Sick and Carer's Leave,2024-03-18,2024-03-18,3.8
83081404-a403-4e17-bbca-144253ea505b,E0000075,Sick and Carer's Leave,2023-10-30,2023-10-30,3.8
3d64d78a-e3ab-4aaf-af4d-54a6eb1d91e2,E0000075,Sick and Carer's Leave,2023-10-13,2023-10-13,3.8
54769a4b-88ce-4e9e-943f-712121b2b5f8,E0000075,Sick and Carer's Leave,2023-08-24,2023-08-24,3.8
7481e2f2-b02a-48dd-9401-db8acd6aea30,E0000075,Sick and Carer's Leave,2025-02-03,2025-02-03,3.8
568f895c-466a-42cb-a321-8afb939736e1,E0000075,Sick and Carer's Leave,2023-04-24,2023-04-24,3.8
7fa10fbe-4b25-41f8-b6bf-1cb28626719b,E0000075,Unpaid Leave,2025-02-20,2025-02-20,3.8
b800e95a-4390-484b-a117-308037c49763,E0000075,Unpaid Leave,2021-11-04,2021-11-04,3.8
9cae1282-664b-4d31-b37d-649d3a24ba1e,E0000076,Unpaid Leave,2023-10-13,2023-10-13,4.0
25f1063a-da77-4cb1-8655-32b5fb437346,E0000076,Unpaid Leave,2025-01-31,2025-01-31,4.0
4c9d4e44-0870-4e6f-897b-355b70b76f17,E0000077,Annual Leave,2024-05-16,2024-05-16,7.6
44bdf8bf-771f-42eb-911d-77767cdface3,E0000077,Annual Leave,2024-02-06,2024-02-06,7.6
ace5624d-09f8-4bc0-8daf-4a7c7eb37113,E0000077,Annual Leave,2024-12-02,2024-12-02,7.6
176e9fe0-f2b5-404f-b50d-8ef89eaf93b3,E0000077,Annual Leave,2024-11-13,2024-11-13,7.6
e74ed469-be57-4662-a9d3-a669fe60362c,E0000077,Annual Leave,2023-12-14,2023-12-14,7.6
6f31cbcf-a5b6-47e1-9620-5518a55b429c,E0000077,Annual Leave,2023-11-22,2023-11-22,7.6
b599e303-28a3-40ca-b586-db2b52650ac0,E0000077,Sick and Carer's Leave,2024-12-23,2024-12-23,7.6
f5713985-abfa-407c-a08c-4def8b65fd31,E0000078,Unpaid Leave,2022-08-24,2022-08-24,4.0
35155ca8-77f1-4b6a-87bb-c62773c3ea14,E0000078,Unpaid Leave,2024-10-21,2024-10-21,4.0
2f3087eb-a5d3-441c-a8b8-4bb5df728a48,E0000079,Annual Leave,2024-02-13,2024-02-13,3.8
462273d4-9c95-42b7-8732-fd1ff50baa1b,E0000079,Annual Leave,2022-03-28,2022-03-28,3.8
f8189a14-fe30-4334-8160-fe6e63fd0ef4,E0000079,Annual Leave,2022-03-29,2022-03-29,3.8
bcd56c32-50c7-4f27-9ad9-f9cadf2fa6de,E0000079,Annual Leave,2023-05-15,2023-05-15,3.8
e3262e71-4fff-4546-87e2-f025cf1b5c8b,E0000079,Annual Leave,2021-10-29,2021-10-29,3.8
0529ebf3-6bc7-4bdb-b2e5-8c78e0e716d9,E0000079,Annual Leave,2025-01-20,2025-01-20,3.8
9af76d30-42e8-4f79-b125-8d398b19351a,E0000079,Annual Leave,2024-11-28,2024-11-28,3.8
b4212c52-662b-42c3-946e-e15c0fc32c6c,E0000079,Annual Leave,2022-01-03,2022-01-03,3.8
56604917-f57b-4bb9-ae8f-ba33286cc1ba,E0000079,Annual Leave,2022-09-02,2022-09-02,3.8
d9282c14-85be-4dbe-b554-9dbd627e020c,E0000079,Annual Leave,2021-09-30,2021-09-30,3.8
b47575d9-eb1c-45f9-8d84-4517a9741955,E0000079,Sick and Carer's Leave,2023-09-11,2023-09-11,3.8
7f0bb0a2-401b-47b9-ba7f-438471bdd73b,E0000079,Sick and Carer's Leave,2022-11-21,2022-11-21,3.8
656fc2b5-5ec1-45a3-ae9c-b031179f831e,E0000079,Sick and Carer's Leave,2025-02-28,2025-02-28,3.8
42c3473c-d5b3-4e3f-bc98-e37b892ea6bf,E0000079,Sick and Carer's Leave,2023-01-05,2023-01-05,3.8
352f3203-e5a4-4a17-a173-9707f0997e0a,E0000079,Sick and Carer's Leave,2023-03-14,2023-03-14,3.8
f0191276-5acd-4270-9589-00d1bb3c0493,E0000079,Sick and Carer's Leave,2023-11-17,2023-11-17,3.8
7f34993b-d7a5-4887-a25f-692b2f64c42b,E0000079,Sick and Carer's Leave,2024-05-28,2024-05-28,3.8
b4d9f790-87c0-40e8-b625-369c05b7990a,E0000080,Annual Leave,2024-06-17,2024-06-17,7.6
5906fd6d-2e0d-4e62-8135-14475c037ff8,E0000080,Annual Leave,2024-04-08,2024-04-08,7.6
7e7ff7ce-bcc6-4c8a-b678-38ebc2dde254,E0000080,Annual Leave,2025-02-13,2025-02-13,7.6
0cf2e9cc-f7d6-4dd6-abc4-5b8c7a3809b3,E0000080,Annual Leave,2025-02-06,2025-02-06,7.6
e00ccf49-409f-4559-9995-47b1282c44f3,E0000080,Sick and Carer's Leave,2023-12-29,2023-12-29,7.6
bd118598-739f-4b4e-9fb4-a4ad7bc38e60,E0000082,Unpaid Leave,2024-11-20,2024-11-20,4.0
66327e08-4850-4634-a677-396268fa7c99,E0000082,Unpaid Leave,2023-05-12,2023-05-12,4.0
b55703f6-39b4-4cb0-b2ed-84d6d3962152,E0000083,Annual Leave,2024-10-01,2024-10-01,7.6
4c8f3bae-38a5-4290-9219-9454abb33a1a,E0000083,Annual Leave,2024-10-30,2024-10-30,7.6
7b36e02c-e63b-40d7-a268-ff73e1475f9b,E0000084,Unpaid Leave,2025-04-24,2025-04-24,4.0
531c4cca-1edd-431d-b6c9-179e0eb34363,E0000084,Unpaid Leave,2025-04-11,2025-04-11,4.0
0ba92f86-d715-4534-9663-b8f2a51f1451,E0000085,Unpaid Leave,2023-12-05,2023-12-05,4.0
9350aabe-068e-4fbf-9248-b4a47eb5e980,E0000085,Unpaid Leave,2022-04-20,2022-04-20,4.0
f82a7da8-fa82-4990-995e-513a17732fa4,E0000086,Annual Leave,2022-11-11,2022-11-11,3.8
195ba9da-4086-4e9f-9833-80c13354b034,E0000086,Annual Leave,2023-04-21,2023-04-21,3.8
d3524599-7a0b-4902-8180-bd50f0c76059,E0000086,Annual Leave,2022-12-05,2022-12-05,3.8
f7d3b20e-0519-4990-93c2-1986aab43dd0,E0000086,Annual Leave,2023-04-11,2023-04-11,3.8
3a92722b-8faf-4620-b6e8-92a87c15c454,E0000086,Sick and Carer's Leave,2024-07-08,2024-07-08,3.8
429648df-c2c9-44d9-9ea7-3c8d43b8a4fc,E0000086,Sick and Carer's Leave,2024-05-09,2024-05-09,3.8
787910c6-19aa-4bbb-95f0-a72fa2a6877a,E0000086,Sick and Carer's Leave,2024-07-30,2024-07-30,3.8
ce9aa9d0-cabf-4404-b5a8-1ab023cf55bb,E0000087,Unpaid Leave,2025-02-10,2025-02-10,4.0
8adbd4d3-9f21-4213-aa09-6744de2b40c5,E0000087,Unpaid Leave,2024-10-07,2024-10-07,4.0
adc4ca4e-4066-42f3-99a2-62f4351423fa,E0000088,Annual Leave,2025-01-20,2025-01-20,7.6
1f30681c-103d-469e-8d5d-ce4956f226b9,E0000089,Annual Leave,2024-04-29,2024-04-29,7.6
d841c9c8-c318-4cec-8714-8c5e17b0ec5e,E0000089,Annual Leave,2024-01-23,2024-01-23,7.6
dc6c00da-7dc2-499a-86b8-42b285c10186,E0000089,Annual Leave,2023-11-08,2023-11-08,7.6
7b89c202-6da8-4b4a-aa07-0d6729a1c467,E0000089,Sick and Carer's Leave,2023-10-05,2023-10-05,7.6
f0bf88cd-8fff-4410-8878-eabe8aadc7b1,E0000090,Annual Leave,2024-01-05,2024-01-05,7.6
cda7dc2c-39f3-4dee-986e-91b6b427ec53,E0000090,Sick and Carer's Leave,2024-07-15,2024-07-15,7.6
2f66c32c-e9f1-4b82-aa3e-69894516ddee,E0000091,Sick and Carer's Leave,2022-01-05,2022-01-05,3.8
aedc9406-fc3b-48a1-87be-6d74e729e7d9,E0000092,Sick and Carer's Leave,2023-12-18,2023-12-18,7.6
05a4772b-f6d9-4d6d-8edc-6e717cccf51a,E0000092,Sick and Carer's Leave,2023-09-04,2023-09-04,7.6
0700a39d-d188-4377-a9e9-b6d5f2c86482,E0000092,Sick and Carer's Leave,2022-09-26,2022-09-26,7.6
caa45204-4259-4ca3-a1a7-9ca2a18eb8e1,E0000093,Annual Leave,2025-02-17,2025-02-17,3.8
dfaf4cb6-7940-42d5-ba23-eab6011c5aa6,E0000095,Annual Leave,2021-02-08,2021-02-08,7.6
daef029d-2ce7-42ba-8a0c-415aaeeedd71,E0000095,Annual Leave,2021-06-10,2021-06-10,7.6
da6f59f6-2013-47c6-be87-e89f89e49733,E0000095,Annual Leave,2021-06-25,2021-06-25,7.6
5335359b-7f04-48ed-8b48-41694e429fb3,E0000096,Annual Leave,2024-10-07,2024-10-07,7.6
4c218cac-179f-426d-82a0-5335991821fe,E0000096,Annual Leave,2025-02-21,2025-02-21,7.6
d363e70e-b236-4f4a-9ca4-d9e2309b7806,E0000096,Annual Leave,2025-03-19,2025-03-19,7.6
d6088fb2-fbcc-462a-8f96-20c573494a7b,E0000096,Annual Leave,2024-12-30,2024-12-30,7.6
77041d21-6bfc-40b8-b888-d7e8262cdae6,E0000096,Annual Leave,2023-12-28,2023-12-28,7.6
1dcf4158-fccd-4d69-8be0-965fa88e512f,E0000096,Sick and Carer's Leave,2023-12-18,2023-12-18,7.6
2fec0263-196e-4cf2-a698-04d569cd1326,E0000096,Sick and Carer's Leave,2024-06-03,2024-06-03,7.6
9db63b77-4d0a-49a3-b162-11c2d822ab23,E0000097,Annual Leave,2024-08-05,2024-08-05,7.6
d89f062a-bf68-4a35-ad9f-98c0ad469d1a,E0000097,Annual Leave,2024-02-12,2024-02-12,7.6
f419eeeb-04f6-45e4-ba7c-ff6c2d9f37fb,E0000097,Annual Leave,2023-06-13,2023-06-13,7.6
67cc03ca-34b4-42fb-b650-045c5788b89e,E0000097,Annual Leave,2025-03-20,2025-03-20,7.6
0eef535b-3f64-4ff3-a1b2-9d4d4b9391f5,E0000098,Unpaid Leave,2024-12-05,2024-12-05,4.0
28550a91-7fb0-4fb2-9a81-e9bb335ffbf0,E0000098,Unpaid Leave,2024-03-14,2024-03-14,4.0
66962dd4-37b3-456d-9e2a-1b40221bd9a0,E0000099,Unpaid Leave,2021-10-28,2021-10-28,4.0
da1450cc-43a4-4c03-b177-d3e2fc787c93,E0000099,Unpaid Leave,2025-03-21,2025-03-21,4.0
2729fc3a-18d0-457c-9fa1-9fd4748ddcae,E0000100,Unpaid Leave,2025-03-25,2025-03-25,4.0
dc6114ef-c6d9-473c-b2f1-8454a468b0ed,E0000100,Unpaid Leave,2024-12-30,2024-12-30,4.0
