toil_id,employee_id,overtime_date,toil_hours_accrued,toil_usage_date
4e4e9d25-9688-43bd-a4f2-61a44f9da84b,E0000001,2025-03-01,8,2025-04-04
7d6c0005-fd5d-4786-95fd-63e042a26dc9,E0000002,2025-01-03,8,2025-05-07
5eb8b57c-5fa1-4774-9172-f48f7d4db3fe,E0000003,2025-02-08,6,2025-02-21
3df4a8df-a7ed-459c-b629-c88f4951ec11,E0000004,2025-03-13,7,2025-05-19
b2065522-913a-4b95-923c-ba64a67f7298,E0000005,2025-04-05,7,2025-05-16
161ee974-b19b-4001-8c01-4fb4eaa99284,E0000006,2025-04-16,4,2025-05-13
f7d03c02-ec27-443b-b058-c8303a03b4fb,E0000007,2025-01-02,8,2025-01-18
957461eb-6704-4c9d-b9e3-fe90448d305e,E0000008,2025-04-03,5,2025-05-01
d9388a99-1a21-4452-a3b4-042fc1a37396,E0000009,2025-02-11,8,2025-03-03
fffbdfc2-7bdb-44aa-b48c-63302a77001e,E0000010,2025-01-04,6,2025-05-16
8d337ab6-cb73-4685-810f-cde6c7df61f9,E0000011,2025-01-24,4,2025-04-09
6ad312eb-2bf5-4831-8f76-f700e3a9eafd,E0000012,2025-03-06,3,2025-05-15
69fd4629-d14b-4090-bef6-3e4299a10912,E0000013,2025-01-20,1,2025-01-24
be6e7ed9-f429-43f6-aba6-afc980557965,E0000014,2025-02-19,2,2025-03-27
996fd54c-e9d0-497c-afe2-2f11a40c558d,E0000015,2025-02-12,7,2025-02-15
30b632b5-1fc6-4abb-b363-0ad02d7da724,E0000016,2025-01-02,1,2025-02-02
7ef38441-62c0-478c-b577-df202a59c8d0,E0000017,2025-02-24,1,2025-05-23
3a4e8183-e694-414f-b637-4164590ccfea,E0000018,2025-04-19,8,2025-05-01
90d3cb2b-79fb-4b9b-a171-322102f5d697,E0000019,2025-03-02,3,2025-03-28
d7023485-3b75-45ee-a25d-7009ba10806c,E0000020,2025-04-24,2,2025-05-23
fc74c67c-6f14-4b30-8797-7e9d2b22b18b,E0000021,2025-02-15,4,2025-03-03
cf542ffe-cf92-4311-ab97-179b6aa7579d,E0000022,2025-03-27,7,2025-04-01
421be941-5449-4f93-bc79-1f127bad28ac,E0000023,2025-03-09,8,2025-04-22
13232e08-271d-4e9e-a1b2-aba10d551440,E0000024,2025-01-16,8,2025-03-03
794595b6-7c77-43ce-9b51-5be23fd91ba2,E0000025,2025-04-15,7,2025-05-19
42430867-187f-4469-9288-1d53471bc088,E0000026,2025-01-29,1,2025-02-10
6bf3338e-79a2-4f90-b6d6-8d63813e3cc8,E0000027,2025-03-07,3,2025-05-28
a42c77a2-e926-4de8-8aba-b61b37cde430,E0000028,2025-01-19,6,2025-03-14
6c7fcc7b-9e2a-40c1-bbae-f4bcf75c150d,E0000029,2025-04-26,4,2025-05-14
f20e9696-b979-4c50-abe0-fc9588e72350,E0000030,2025-02-15,1,2025-05-18
e1cbc822-8787-4eb0-ae94-2393e34f3dfc,E0000031,2025-02-06,4,2025-02-15
af320e67-968a-4de2-9249-c239900f865f,E0000032,2025-04-26,4,2025-05-09
02cdfa41-7cb5-46a8-990d-33c1ffc9f1b3,E0000033,2025-03-02,8,2025-05-26
f94e95c3-1774-4bb5-b61c-2382a2698cc1,E0000034,2025-03-27,3,2025-03-29
88a783fa-4a54-488f-8422-d1642528dacb,E0000035,2025-04-01,4,2025-05-07
06ad1221-5e60-4e61-ae34-79972d4c94bb,E0000036,2025-02-18,7,2025-03-13
95407b75-5f67-4dd4-be09-f8418312a613,E0000037,2025-01-28,6,2025-04-18
f76c941e-4919-4278-a169-cc34cd7fee03,E0000038,2025-02-16,6,2025-05-19
783f2cee-3c49-4875-b03a-2f2cc6cdc8c3,E0000039,2025-01-13,1,2025-01-15
9cfc68de-ac37-4769-a364-7eb4136a4c99,E0000040,2025-02-26,2,2025-04-26
8454bbc5-44e4-4b65-ae66-df5852b27470,E0000041,2025-01-01,1,2025-02-03
9385ba8e-34f7-4a42-8a3c-1be5b28abaa3,E0000042,2025-03-03,1,2025-03-20
7e09bf08-4784-407e-b3c4-0dce63796440,E0000043,2025-02-15,5,2025-02-23
3070d869-4412-4bee-b2a3-9762785d8127,E0000044,2025-02-23,1,2025-05-04
073bb726-861e-4e57-b1b7-591db8a972a5,E0000045,2025-01-01,6,2025-04-10
3b2a98ea-da2b-45ac-94ff-f1720561cbc2,E0000046,2025-01-09,6,2025-02-19
80b43050-c307-485b-8f71-b917b9750724,E0000047,2025-02-28,8,2025-05-07
8a55f733-a999-45c0-b6df-6d7cac5c9034,E0000048,2025-01-04,2,2025-04-03
ed364569-8f05-4719-9e6f-fc3d55a7054e,E0000049,2025-02-04,4,2025-04-27
e7f952d4-c80e-4cd7-a8a0-d3147be3fccc,E0000050,2025-04-25,3,2025-05-23
6cc4392e-378a-473d-b256-e9e64456da81,E0000051,2025-01-25,5,2025-05-12
19ded320-b936-40be-8d2e-e5e0f2b36063,E0000052,2025-01-02,7,2025-05-25
350bbe24-ba93-4200-9f21-042b0f069178,E0000053,2025-02-23,6,2025-04-12
30728815-06ca-43ea-a845-5fb6202ea618,E0000054,2025-02-28,7,2025-02-28
20521903-2a02-4ff1-89ed-0fd6da6f508c,E0000055,2025-04-03,7,2025-04-06
6ff7b4f9-adf6-4f83-8549-c0d3af4752bc,E0000056,2025-03-18,1,2025-05-20
6dbefcf8-a6c0-40b0-8424-c8bbd674eb95,E0000057,2025-03-05,1,2025-04-02
ddd6b233-2ff7-42b0-aa3e-139c969b6499,E0000058,2025-04-16,7,2025-04-17
0685c56c-f7e9-42ad-9e35-351e49322521,E0000059,2025-01-25,8,2025-01-30
1faf6ca8-f6d0-4e05-b66b-50abefce394b,E0000060,2025-01-06,5,2025-05-07
4bc48d92-3daa-4279-a054-53bb067b07aa,E0000061,2025-04-28,6,2025-05-04
41365357-3194-4e9e-a70f-0ca9c385ad7d,E0000062,2025-04-26,1,2025-05-01
73a8f66e-1a9d-4d6b-b50a-c1bff2ac1e0d,E0000063,2025-03-28,1,2025-05-13
9fb0affb-3279-4441-b8e4-4f45fd424214,E0000064,2025-01-13,8,2025-05-28
9eb117eb-bb1e-4121-93de-962708fc4960,E0000065,2025-01-18,2,2025-03-09
817e6798-7980-4ab8-9ced-d87ec3359318,E0000066,2025-04-16,7,2025-05-13
0e625e22-2d22-4a23-8023-ef7721d13e23,E0000067,2025-01-22,8,2025-01-30
b618532e-cd34-4a2f-b7c0-8e4aa4cb34f2,E0000068,2025-04-10,5,2025-05-03
987267a2-2bd8-4a54-8ccd-f33f8e19d245,E0000069,2025-04-12,1,2025-05-05
49d9ba5b-a297-4e3c-9231-c1908dbebc8d,E0000070,2025-02-24,5,2025-03-10
783934ce-94e1-462f-b7cf-f55ab342bf84,E0000071,2025-02-13,8,2025-03-11
5f642de2-c00a-43d5-a6db-9c785c063911,E0000072,2025-01-03,3,2025-05-16
bdf9ff94-b07a-41b0-b643-a24d683852bd,E0000073,2025-01-09,5,2025-02-27
19591248-6753-47f4-93fc-b719a65a8f76,E0000074,2025-02-24,8,2025-04-05
9e58ffed-fa2e-458a-b02b-4900ba8b6b38,E0000075,2025-01-11,4,2025-01-14
a6218d88-8804-46f5-9970-4d16fda0e16c,E0000076,2025-01-27,5,2025-05-02
e3441af9-0ff4-4338-b682-96703dcf082b,E0000077,2025-04-06,4,2025-05-17
e9f56551-8154-46a8-a074-97472b272e9d,E0000078,2025-01-09,5,2025-02-24
5852392a-08e3-420d-8890-b886d2a2bb4c,E0000079,2025-01-25,5,2025-05-01
8fb4a88f-8ef1-4132-8225-1c258d39566c,E0000080,2025-02-08,7,2025-04-23
6bef08eb-8d63-49b8-a7f7-a1dce4203317,E0000081,2025-04-21,5,2025-05-02
18455f61-ad2b-48e2-b6c0-8129f03afd9e,E0000082,2025-04-02,6,2025-05-28
a70a5eb1-ab07-4321-9e08-6719dd6ccdd0,E0000083,2025-01-24,7,2025-04-28
fe7f478b-6891-43da-b8b7-5375ba3f0b2f,E0000084,2025-03-26,4,2025-05-01
eb69aff6-8532-4b4e-a939-accdd2249aab,E0000085,2025-04-16,1,2025-05-02
fb012ad7-7810-4498-af65-805d89d286c6,E0000086,2025-03-31,7,2025-04-27
01278045-535e-4522-9c71-0b48a3b51c2d,E0000087,2025-03-11,6,2025-04-05
1e7a6c05-a315-4bd3-abf5-15c2d681607f,E0000088,2025-03-07,7,2025-04-23
bd93df9d-b73c-4280-a2c0-e4b0db84af02,E0000089,2025-04-07,6,2025-04-24
634a59b7-042e-4a29-9b57-e5f5546b55b7,E0000090,2025-02-14,2,2025-05-27
c2cb4875-083a-4995-99ce-ad5ccdd114fd,E0000091,2025-03-30,7,2025-04-21
849ff6f7-425f-4cfa-b32d-d7945a5e27fb,E0000092,2025-04-17,1,2025-05-08
1e998111-475f-40ba-b4c9-e18a2e4ccde2,E0000093,2025-02-26,1,2025-03-09
8940aac6-c7bd-4cb8-873b-0f13f094446e,E0000094,2025-03-01,4,2025-05-27
514970e7-738a-4cc6-bfae-f4cbb0c52fae,E0000095,2025-02-11,5,2025-05-28
8858b200-10d8-4115-add3-c37194ea9ce6,E0000096,2025-03-02,3,2025-05-14
dfca157a-9027-4d96-98ca-741a4e30b41e,E0000097,2025-03-23,2,2025-05-17
39662ea9-15b5-470c-a2bd-b66a2f521cdf,E0000098,2025-03-14,2,2025-04-30
0f0c3cab-7354-4c9f-afcf-9a35b660a8c3,E0000099,2025-03-05,1,2025-03-31
5e6ebfb4-c19a-4d63-b386-7c79d6a55c40,E0000100,2025-04-13,8,2025-05-23
